ALA,C,C(sp2)
ALA,CA,C(sp3)
ALA,CB,C(sp3)
ALA,H,H(N)
ALA,HA,H
ALA,HB1,H
ALA,HB2,H
ALA,HB3,H
ALA,N,N
ALA,O,O
ARG,CA,C(sp3)
ARG,CB,C(sp3)
ARG,C,C(sp2)
ARG,CD,C(sp3)
ARG,CG,C(sp3)
ARG,CZ,C(OOH)
ARG,HA,H
ARG,HB2,H
ARG,HB2,H
ARG,HB3,H
ARG,HB3,H
ARG,H,H(N)
ARG,HD2,H
ARG,HD3,H
ARG,HE,H(N)
ARG,HG2,H
ARG,HG3,H
ARG,HH11,H(N)
ARG,HH12,H(N)
ARG,HH21,H(N)
ARG,HH22,H(N)
ARG,H,H(N)
ARG,NE,N
ARG,NH1,N(HH)
ARG,NH2,N(HH)
ARG,N,N
ARG,O,O
ASN,CA,C(sp3)
ASN,CB,C(sp3)
ASN,C,C(sp2)
ASN,CG,C(OOH)
ASN,HA,H
ASN,HB2,H
ASN,HB3,H
ASN,HD21,H(N)
ASN,HD22,H(N)
ASN,H,H(N)
ASN,ND2,N(HH)
ASN,N,N
ASN,OD1,O(COOH)
ASN,O,O
ASP,CA,C(sp3)
ASP,CB,C(sp3)
ASP,C,C(sp2)
ASP,CG,C(OOH)
ASP,HA,H
ASP,HB2,H
ASP,HB3,H
ASP,H,H(N)
ASP,N,N
ASP,OD1,O(COOH)
ASP,OD2,O(COOH)
ASP,O,O
CSD,N,N
CSD,CA,C(sp3)
CSD,CB,C(sp3)
CSD,SG,S
CSD,C,C(sp2)
CSD,O,O
CSD,OD1,O(COOH)
CSD,OD2,O(COOH)
CSD,HD2,H(N)
CSD,HB3,H
CSD,HB2,H
CSD,H,H(N)
CYS,CA,C(sp3)
CYS,CB,C(sp3)
CYS,C,C(sp2)
CYS,HA,H
CYS,HB2,H
CYS,HB3,H
CYS,HG,H(N)
CYS,H,H(N)
CYS,N,N
CYS,O,O
CYS,SG,S
FME,N,N
FME,CN,C(sp2)
FME,O1,O
FME,CA,C(sp3)
FME,CB,C(sp3)
FME,CG,C(sp3)
FME,SD,S
FME,CE,C(sp3)
FME,C,C(sp2)
FME,O,O
FME,HG3,H
FME,HG2,H
FME,HE3,H
FME,HE2,H
FME,HE1,H
FME,HCN,H
FME,HB3,H
FME,HB2,H
FME,HA,H
FME,H,H(N)
GLN,CA,C(sp3)
GLN,CB,C(sp3)
GLN,C,C(sp2)
GLN,CD,C(OOH)
GLN,CG,C(sp3)
GLN,HA,H
GLN,HB2,H
GLN,HB3,H
GLN,HE21,H(N)
GLN,HE22,H(N)
GLN,HG2,H
GLN,HG3,H
GLN,H,H(N)
GLN,NE2,N(HH)
GLN,N,N
GLN,OE1,O(COOH)
GLN,O,O
GLU,CA,C(sp3)
GLU,CB,C(sp3)
GLU,C,C(sp2)
GLU,CD,C(OOH)
GLU,CG,C(sp3)
GLU,HA,H
GLU,HB2,H
GLU,HB3,H
GLU,HG2,H
GLU,HG3,H
GLU,HE2,H(N)
GLU,H,H(N)
GLU,N,N
GLU,OE1,O(COOH)
GLU,OE2,O(COOH)
GLU,O,O
GLX,CA,C(sp3)
GLX,CB,C(sp3)
GLX,C,C(sp2)
GLX,CD,C(OOH)
GLX,CG,C(sp3)
GLX,HA,H
GLX,HB2,H
GLX,HB3,H
GLX,HG2,H
GLX,HG3,H
GLX,H,H(N)
GLX,N,N
GLX,XE1,O(COOH)
GLX,XE2,O(COOH)
GLX,O,O
GLY,C,C(sp2)
GLY,CA,C(sp3)
GLY,H,H(N)
GLY,HA2,H
GLY,HA3,H
GLY,N,N
GLY,O,O
HIS,CA,C(sp3)
HIS,CB,C(sp3)
HIS,C,C(sp2)
HIS,CD2,C(Ar)
HIS,CE1,C(Ar)
HIS,CG,C(Ar)
HIS,HA,H
HIS,HB2,H
HIS,HB3,H
HIS,HD1,H(Ar)
HIS,HD2,H(Ar)
HIS,HE1,H(Ar)
HIS,HE2,H(Ar)
HIS,H,H(N)
HIS,ND1,N(Ar)
HIS,NE2,N(Ar)
HIS,N,N
HIS,O,O
IAS,CA,C(sp3)
IAS,CB,C(sp3)
IAS,C,C(sp2)
IAS,CG,C(OOH)
IAS,HA,H
IAS,HB2,H
IAS,HB3,H
IAS,H,H(N)
IAS,N,N
IAS,OD1,O(COOH)
IAS,OD2,O(COOH)
IAS,O,O
ILE,CA,C(sp3)
ILE,CB,C(sp3)
ILE,C,C(sp2)
ILE,CD1,C(sp3)
ILE,CG1,C(sp3)
ILE,CG2,C(sp3)
ILE,HA,H
ILE,HB,H
ILE,HD11,H
ILE,HD12,H
ILE,HD13,H
ILE,HG12,H
ILE,HG13,H
ILE,HG21,H
ILE,HG22,H
ILE,HG23,H
ILE,H,H(N)
ILE,N,N
ILE,O,O
LEU,CA,C(sp3)
LEU,CB,C(sp3)
LEU,C,C(sp2)
LEU,CD1,C(sp3)
LEU,CD2,C(sp3)
LEU,CG,C(sp3)
LEU,HA,H
LEU,HB2,H
LEU,HB3,H
LEU,HD11,H
LEU,HD12,H
LEU,HD13,H
LEU,HD21,H
LEU,HD22,H
LEU,HD23,H
LEU,HG,H
LEU,H,H(N)
LEU,N,N
LEU,O,O
LYS,CA,C(sp3)
LYS,CB,C(sp3)
LYS,C,C(sp2)
LYS,CD,C(sp3)
LYS,CE,C(sp3)
LYS,CG,C(sp3)
LYS,HA,H
LYS,HB2,H
LYS,HB3,H
LYS,HD2,H
LYS,HD3,H
LYS,HE2,H
LYS,HE3,H
LYS,HG2,H
LYS,HG3,H
LYS,H,H(N)
LYS,HZ1,H(N)
LYS,HZ2,H(N)
LYS,HZ3,H(N)
LYS,N,N
LYS,NZ,N
LYS,O,O
LYZ,CA,C(sp3)
LYZ,CB,C(sp3)
LYZ,C,C(sp2)
LYZ,CD,C(sp3)
LYZ,CE,C(sp3)
LYZ,CG,C(sp3)
LYZ,HA,H
LYZ,HB2,H
LYZ,HB3,H
LYZ,HD,H(N)
LYZ,HE2,H
LYZ,HE3,H
LYZ,HG2,H
LYZ,HG3,H
LYZ,H,H(N)
LYZ,HH,H
LYZ,HZ1,H(N)
LYZ,HZ2,H(N)
LYZ,HZ3,H(N)
LYZ,N,N
LYZ,NZ,N
LYZ,O,O
LYZ,OH,O(H)
MDO,N,N
MDO,CA,C(sp3)
MDO,C1,C(sp3)
MDO,CB,C(sp3)
MDO,N2,N(Ar)
MDO,CA2,C(Ar)
MDO,C2,C(Ar)
MDO,O2,O(Ar)
MDO,CB2,C(Ar)
MDO,N3,N(Ar)
MDO,CA3,C(sp3)
MDO,C,C(sp2)
MDO,O,O
MDO,HB21,H(Ar)
MDO,HA32,H
MDO,HA31,H
MDO,HCA,H
MDO,HB3,H
MDO,HB2,H
MDO,HB1,H
MEN,CA,C(sp3)
MEN,CB,C(sp3)
MEN,C,C(sp2)
MEN,CE2,C(sp3)
MEN,CG,C(OOH)
MEN,HA,H
MEN,HB2,H
MEN,HB3,H
MEN,HD2,H(N)
MEN,HE23,H
MEN,HE22,H
MEN,HE21,H
MEN,H,H(N)
MEN,ND2,N(HH)
MEN,N,N
MEN,OD1,O(COOH)
MEN,O,O
MET,CA,C(sp3)
MET,CB,C(sp3)
MET,C,C(sp2)
MET,CE,C(sp3)
MET,CG,C(sp3)
MET,HA,H
MET,HB1,H
MET,HB2,H
MET,HB3,H
MET,HE1,H
MET,HE2,H
MET,HE3,H
MET,HG1,H
MET,HG2,H
MET,HG3,H
MET,H,H(N)
MET,N,N
MET,O,O
MET,SD,S
MLY,CA,C(sp3)
MLY,CB,C(sp3)
MLY,C,C(sp2)
MLY,CD,C(sp3)
MLY,CE,C(sp3)
MLY,CG,C(sp3)
MLY,CH1,C(sp3)
MLY,CH2,C(sp3)
MLY,CH3,C(sp3)
MLY,HA,H
MLY,HB2,H
MLY,HB3,H
MLY,HD2,H
MLY,HD3,H
MLY,HE2,H
MLY,HE3,H
MLY,HG2,H
MLY,HG3,H
MLY,HH23,H
MLY,HH22,H
MLY,HH21,H
MLY,HH13,H
MLY,HH12,H
MLY,HH11,H
MLY,H,H(N)
MLY,HZ1,H(N)
MLY,HZ2,H(N)
MLY,HZ3,H(N)
MLY,N,N
MLY,NZ,N
MLY,O,O
MSE,CA,C(sp3)
MSE,CB,C(sp3)
MSE,C,C(sp2)
MSE,CE,C(sp3)
MSE,CG,C(sp3)
MSE,HA,H
MSE,HB2,H
MSE,HB3,H
MSE,HE1,H
MSE,HE2,H
MSE,HE3,H
MSE,HG2,H
MSE,HG3,H
MSE,H,H(N)
MSE,N,N
MSE,O,O
MSE,SE,S
0AF,N,N
0AF,CA,C(sp3)
0AF,C,C(sp2)
0AF,CB,C(sp3)
0AF,CG,C(Ar)
0AF,CD1,C(Ar)
0AF,CD2,C(Ar)
0AF,NE1,N(Ar)
0AF,CE2,C(Ar)
0AF,CE3,C(Ar)
0AF,CZ2,C(Ar)
0AF,O1,O(Ar)
0AF,CZ3,C(Ar)
0AF,CH2,C(Ar)
OCS,N,N
OCS,CA,C(sp3)
OCS,CB,C(sp3)
OCS,SG,S
OCS,C,C(sp2)
OCS,O,O
OCS,OD1,O
OCS,OD2,O
OCS,OD3,O
OCS,HB3,H
OCS,HB2,H
OCS,HA,H
OCS,H,H(N)
PCA,N,N
PCA,CA,C(sp3)
PCA,CB,C(sp3)
PCA,CG,C(sp3)
PCA,CD,C(sp2)
PCA,OE,O
PCA,C,C(sp2)
PCA,O,O
PCA,H2,H(N)
PCA,HA,H
PCA,HB2,H
PCA,HB3,H
PCA,HG2,H
PCA,HG3,H
PHE,CA,C(sp3)
PHE,CB,C(sp3)
PHE,C,C(sp2)
PHE,CD1,C(Ar)
PHE,CD2,C(Ar)
PHE,CE1,C(Ar)
PHE,CE2,C(Ar)
PHE,CG,C(Ar)
PHE,CZ,C(Ar)
PHE,HA,H
PHE,HB2,H
PHE,HB3,H
PHE,HD1,H(Ar)
PHE,HD2,H(Ar)
PHE,HE1,H(Ar)
PHE,HE2,H(Ar)
PHE,H,H(N)
PHE,HZ,H(Ar)
PHE,N,N
PHE,O,O
PRO,C,C(sp2)
PRO,CA,C(sp3)
PRO,CB,C(sp3)
PRO,CD,C(sp3)
PRO,CG,C(sp3)
PRO,HA,H
PRO,HB2,H
PRO,HB3,H
PRO,HD2,H
PRO,HD3,H
PRO,HG2,H
PRO,HG3,H
PRO,N,N
PRO,O,O
PTR,CA,C(sp3)
PTR,CB,C(sp3)
PTR,C,C(sp2)
PTR,CD1,C(Ar)
PTR,CD2,C(Ar)
PTR,CE1,C(Ar)
PTR,CE2,C(Ar)
PTR,CG,C(Ar)
PTR,CZ,C(Ar)
PTR,HA,H
PTR,HB2,H
PTR,HB3,H
PTR,HD1,H(Ar)
PTR,HD2,H(Ar)
PTR,HE1,H(Ar)
PTR,HE2,H(Ar)
PTR,HH,H(N)
PTR,H,H(N)
PTR,HN2,H(N)
PTR,N,N
PTR,OH,O(Ar)
PTR,P,P
PTR,O1P,O
PTR,O2P,O
PTR,O3P,O
PTR,O,O
SAC,C1A,C(sp3)
SAC,C2A,C(sp2)
SAC,OAC,O
SAC,N,N
SAC,CA,C(sp3)
SAC,C,C(sp2)
SAC,O,O
SAC,CB,C(OH)
SAC,OG,O
SAC,H2A3,H
SAC,H2A2,H
SAC,H2A1,H
SAC,HG,H(N)
SAC,HB3,H
SAC,HB2,H
SAC,HA,H
SAC,H,H(N)
SER,CA,C(sp3)
SER,CB,C(OH)
SER,C,C(sp2)
SER,HA,H
SER,HB2,H
SER,HB3,H
SER,HG,H(N)
SER,H,H(N)
SER,N,N
SER,OG,O(H)
SER,O,O
SME,CA,C(sp3)
SME,CB,C(sp3)
SME,C,C(sp2)
SME,OE,O
SME,CE,C(sp3)
SME,CG,C(sp3)
SME,HA,H
SME,H2,H
SME,HB2,H
SME,HB3,H
SME,HE1,H
SME,HE2,H
SME,HE3,H
SME,HG2,H
SME,HG3,H
SME,H,H(N)
SME,N,N
SME,O,O
SME,S,S
SNN,N1,N
SNN,C2,C(sp2)
SNN,C3,C(sp3)
SNN,N3,N
SNN,C4,C(sp3)
SNN,C5,C(sp2)
SNN,O2,O
SNN,O5,O
SNN,H42,H
SNN,H41,H
SNN,H3,H(N)
SUI,N,N
SUI,C1A,C(sp3)
SUI,CB,C(sp3)
SUI,CG,C(sp3)
SUI,OD,O
SUI,C1,C(sp2)
SUI,O1,O
SUI,N2,N
SUI,C2A,C(sp3)
SUI,C,C(sp2)
SUI,O,O
SUI,HB2,H
SUI,HB1,H
SUI,H2B,H
SUI,H2A,H
SUI,H1A,H
THR,CA,C(sp3)
THR,CB,C(OH)
THR,C,C(sp2)
THR,CG2,C(sp3)
THR,HA,H
THR,HB,H
THR,HG1,H(N)
THR,HG21,H
THR,HG22,H
THR,HG23,H
THR,H,H(N)
THR,N,N
THR,OG1,O(H)
THR,O,O
TPO,N,N
TPO,CA,C(sp3)
TPO,CB,C(sp3)
TPO,CG2,C(sp3)
TPO,OG1,O
TPO,P,P
TPO,O1P,O
TPO,O2P,O
TPO,O3P,O
TPO,C,C(sp2)
TPO,O,O
TPO,HG23,H
TPO,HG22,H
TPO,HG21,H
TPO,HB,H
TPO,HA,H
TPO,H,H(N)
TRP,CA,C(sp3)
TRP,CB,C(sp3)
TRP,C,C(sp2)
TRP,CD1,C(Ar)
TRP,CD2,C(Ar)
TRP,CE2,C(Ar)
TRP,CE3,C(Ar)
TRP,CG,C(Ar)
TRP,CH2,C(Ar)
TRP,CZ2,C(Ar)
TRP,CZ3,C(Ar)
TRP,HA,H
TRP,HB2,H
TRP,HB3,H
TRP,HD1,H(Ar)
TRP,HE1,H(N)
TRP,HE3,H(Ar)
TRP,HH2,H(Ar)
TRP,H,H(N)
TRP,HZ2,H(Ar)
TRP,HZ3,H(Ar)
TRP,NE1,N(Ar)
TRP,N,N
TRP,O,O
TYR,CA,C(sp3)
TYR,CB,C(sp3)
TYR,C,C(sp2)
TYR,CD1,C(Ar)
TYR,CD2,C(Ar)
TYR,CE1,C(Ar)
TYR,CE2,C(Ar)
TYR,CG,C(Ar)
TYR,CZ,C(Ar)
TYR,HA,H
TYR,HB2,H
TYR,HB3,H
TYR,HD1,H(Ar)
TYR,HD2,H(Ar)
TYR,HE1,H(Ar)
TYR,HE2,H(Ar)
TYR,HH,H(N)
TYR,H,H(N)
TYR,N,N
TYR,OH,O(Ar)
TYR,O,O
VAL,CA,C(sp3)
VAL,CB,C(sp3)
VAL,C,C(sp2)
VAL,CG1,C(sp3)
VAL,CG2,C(sp3)
VAL,HA,H
VAL,HB,H
VAL,HG11,H
VAL,HG12,H
VAL,HG13,H
VAL,HG21,H
VAL,HG22,H
VAL,HG23,H
VAL,H,H(N)
VAL,N,N
VAL,O,O
X,OXT,O
X,H1,H
X,H2,H
X,H3,H
HHH,O,So